iter	Logloss
0	5.769029307e-05
1	7.427003729e-07
